"variable_x","variable_y","r","p_valor","n","metodo"
"Espectativa_propia","PCA",-0.401968925604991,5.8616511380281e-06,119,"pearson"
"Espectativa_propia","BECK_SESION",-0.342945527871332,0.000134502833598458,119,"pearson"
"Espectativa_otros","PCA",0.0315584423279084,0.733319608771196,119,"pearson"
"Espectativa_otros","BECK_SESION",0.0322211969400373,0.727936308812198,119,"pearson"
"Rendimiento_pos_propio","PCA",-0.233713810404053,0.00898948181000107,124,"pearson"
"Rendimiento_pos_propio","BECK_SESION",-0.116926855962689,0.195908422367173,124,"pearson"
"Rendimiento_pos_otros","PCA",0.183871284874199,0.0409307363966337,124,"pearson"
"Rendimiento_pos_otros","BECK_SESION",0.146300228229399,0.104938840616817,124,"pearson"
