roi,contrast,contrast_label,trend,SE,df
caudado_-14_8_10,BB,BB,-0.01086843977277524,0.05349655795230676,192.33268973066117
caudado_-14_8_10,BM,BM,-0.05875535920398066,0.05349655795230675,192.33268973066117
