roi,contrast,contrast_label,trend,SE,df
precuneo_8_-42_40,BB,BB,0.022364000357468,0.0741829278546363,185.24767192750522
precuneo_8_-42_40,BM,BM,0.01998377147799679,0.07418292785463629,185.24767192750522
