roi,contrast,contrast_label,trend,SE,df
Insula_anterior_izquierda_-36_18_4,MB,MB,-0.010913468510949462,0.056952824674938146,175.50532153780412
Insula_anterior_izquierda_-36_18_4,MM,MM,0.006001741311787906,0.05695282467493813,175.50532153780412
