roi,contrast,contrast_label,trend,SE,df
Insula_anterior_derecha_44_14_-10,MB,MB,0.10595337980088944,0.07173976465495832,192.33752892517762
Insula_anterior_derecha_44_14_-10,MM,MM,0.1049406822514719,0.07173976465495831,192.33752892517762
