ROI,Par,Diff_Pendiente,Diff_Intercepto
caudado_-14_8_10,BB vs BM,0.04788691943120542,-0.37063110865013915
Insula_anterior_derecha_44_14_-10,MB vs MM,0.001012697549417449,-0.02336432660364815
Insula_anterior_izquierda_-36_18_4,MB vs MM,-0.01691520982273733,-0.07018093093985363
precuneo_8_-42_40,BB vs BM,0.0023802288794712648,-0.41353521691970196
