contrast,N,Media_Beta,SD_Beta,Correlacion_PCA
BB,117,0.837193015368089,1.2347790662176448,0.030882266100700908
BM,117,1.250693155661017,1.4689505044264117,0.023196326892893412
