contrast,N,Media_Beta,SD_Beta,Correlacion_PCA
BB,117,0.5242768073968925,0.842832236739824,-0.021987456498792354
BM,117,0.8942022227354444,1.101693908302114,-0.0909359202234581
