contrast,N,Media_Beta,SD_Beta,Correlacion_PCA
MB,117,0.18695275273658388,1.1601325005524195,0.15572421476622508
MM,117,0.2103021555594631,1.4697724004714725,0.12174264240256344
