contrast,N,Media_Beta,SD_Beta,Correlacion_PCA
MB,117,-0.15388074465632529,0.8551970916332485,-0.021759329704107766
MM,117,-0.0834505399987679,1.1991965351390277,0.008533669827871892
